timestamp,agent.name,rule.id,rule.level,rule.description,data.win.system.channel,data.win.system.message
"Apr 26, 2025 @ 14:19:00.874","host1_windows1","61109","5","Name resolution for the name wpad timed out","System","""La resolución de nombres para el nombre wpad agotó el tiempo de espera después de que ninguno de los servidores DNS configurados respondiera. PID de cliente 2516."""
"Apr 26, 2025 @ 14:17:25.328","host1_windows1","92213","15","Executable file dropped in folder commonly used by malware","Microsoft-Windows-Sysmon/Operational","""File created:\r\nRuleName: technique_id=T1059.001,technique_name=PowerShell\r\nUtcTime: 2025-04-26 18:17:23.517\r\nProcessGuid: {26d71978-2333-680d-1c05-000000000600}\r\nProcessId: 2192\r\nImage: C:\WINDOWS\System32\WindowsPowerShell\v1.0\powershell.exe\r\nTargetFilename: C:\Users\usach\AppData\Local\Temp\__PSScriptPolicyTest_i2vfkcg1.lsn.ps1\r\nCreationUtcTime: 2025-04-26 18:17:23.517\r\nUser: DESKTOP-V0J3BBT\usach"""
"Apr 26, 2025 @ 14:17:25.087","host1_windows1","92021","3","Powershell was used to delete files or directories","Microsoft-Windows-Sysmon/Operational","""Process Create:\r\nRuleName: technique_id=T1059.001,technique_name=PowerShell\r\nUtcTime: 2025-04-26 18:17:23.449\r\nProcessGuid: {26d71978-2333-680d-1c05-000000000600}\r\nProcessId: 2192\r\nImage: C:\Windows\System32\WindowsPowerShell\v1.0\powershell.exe\r\nFileVersion: 10.0.26100.1 (WinBuild.160101.0800)\r\nDescription: Windows PowerShell\r\nProduct: Microsoft® Windows® Operating System\r\nCompany: Microsoft Corporation\r\nOriginalFileName: PowerShell.EXE\r\nCommandLine: powershell.exe -ExecutionPolicy Bypass -C ""Remove-Item -Path \""staged\"" -recurse""\r\nCurrentDirectory: C:\Users\usach\\r\nUser: DESKTOP-V0J3BBT\usach\r\nLogonGuid: {26d71978-fab0-680c-e1c4-0c0000000000}\r\nLogonId: 0xCC4E1\r\nTerminalSessionId: 1\r\nIntegrityLevel: High\r\nHashes: SHA1=BB26646B094923F080FC2F2BA363C4C28B33DC07,MD5=909A2EEC5534F01DFF87B7D47E57BFF7,SHA256=D3B4B97C2BF97D70E5655FF4C4CA1D8CEF9DED51685CFD764247CFDA98EE68DF,IMPHASH=AFACF6DC9041114B198160AAB4D0AE77\r\nParentProcessGuid: {26d71978-fd2a-680c-7401-000000000600}\r\nParentProcessId: 5720\r\nParentImage: C:\Users\Public\splunkd.exe\r\nParentCommandLine: ""C:\Users\Public\splunkd.exe"" -server http://192.168.0.16:8888 -group red \r\nParentUser: DESKTOP-V0J3BBT\usach"""
"Apr 26, 2025 @ 14:17:23.299","host1_windows1","92213","15","Executable file dropped in folder commonly used by malware","Microsoft-Windows-Sysmon/Operational","""File created:\r\nRuleName: technique_id=T1059.001,technique_name=PowerShell\r\nUtcTime: 2025-04-26 18:17:21.543\r\nProcessGuid: {26d71978-2331-680d-1b05-000000000600}\r\nProcessId: 1120\r\nImage: C:\WINDOWS\System32\WindowsPowerShell\v1.0\powershell.exe\r\nTargetFilename: C:\Users\usach\AppData\Local\Temp\__PSScriptPolicyTest_dyqlly40.qiw.ps1\r\nCreationUtcTime: 2025-04-26 18:17:21.543\r\nUser: DESKTOP-V0J3BBT\usach"""
"Apr 26, 2025 @ 14:17:23.115","host1_windows1","92021","3","Powershell was used to delete files or directories","Microsoft-Windows-Sysmon/Operational","""Process Create:\r\nRuleName: technique_id=T1059.001,technique_name=PowerShell\r\nUtcTime: 2025-04-26 18:17:21.425\r\nProcessGuid: {26d71978-2331-680d-1b05-000000000600}\r\nProcessId: 1120\r\nImage: C:\Windows\System32\WindowsPowerShell\v1.0\powershell.exe\r\nFileVersion: 10.0.26100.1 (WinBuild.160101.0800)\r\nDescription: Windows PowerShell\r\nProduct: Microsoft® Windows® Operating System\r\nCompany: Microsoft Corporation\r\nOriginalFileName: PowerShell.EXE\r\nCommandLine: powershell.exe -ExecutionPolicy Bypass -C ""rm C:\Users\usach\staged.zip""\r\nCurrentDirectory: C:\Users\usach\\r\nUser: DESKTOP-V0J3BBT\usach\r\nLogonGuid: {26d71978-fab0-680c-e1c4-0c0000000000}\r\nLogonId: 0xCC4E1\r\nTerminalSessionId: 1\r\nIntegrityLevel: High\r\nHashes: SHA1=BB26646B094923F080FC2F2BA363C4C28B33DC07,MD5=909A2EEC5534F01DFF87B7D47E57BFF7,SHA256=D3B4B97C2BF97D70E5655FF4C4CA1D8CEF9DED51685CFD764247CFDA98EE68DF,IMPHASH=AFACF6DC9041114B198160AAB4D0AE77\r\nParentProcessGuid: {26d71978-fd2a-680c-7401-000000000600}\r\nParentProcessId: 5720\r\nParentImage: C:\Users\Public\splunkd.exe\r\nParentCommandLine: ""C:\Users\Public\splunkd.exe"" -server http://192.168.0.16:8888 -group red \r\nParentUser: DESKTOP-V0J3BBT\usach"""
"Apr 26, 2025 @ 14:13:53.696","host1_windows1","92154","4","Process loaded taskschd.dll module. May be used to create delayed malware execution","Microsoft-Windows-Sysmon/Operational","""Image loaded:\r\nRuleName: technique_id=T1053,technique_name=Scheduled Task\r\nUtcTime: 2025-04-26 18:13:52.064\r\nProcessGuid: {26d71978-2241-680d-1a05-000000000600}\r\nProcessId: 3196\r\nImage: C:\Windows\System32\sppsvc.exe\r\nImageLoaded: C:\Windows\System32\taskschd.dll\r\nFileVersion: 10.0.26100.1 (WinBuild.160101.0800)\r\nDescription: Task Scheduler COM API\r\nProduct: Microsoft® Windows® Operating System\r\nCompany: Microsoft Corporation\r\nOriginalFileName: taskschd.dll\r\nHashes: SHA1=03D12FA8C05451E741E9DCD1FCE2D91507128AED,MD5=60392F262DDE3734086D0E1D372ED186,SHA256=7A172A93C9DEF92F8C9683209B491C0FE835B3F1AEF257218441761120ED1C0E,IMPHASH=E61FD409CB21E6A6EBA2AFE59848CFC8\r\nSigned: true\r\nSignature: Microsoft Windows\r\nSignatureStatus: Valid\r\nUser: NT AUTHORITY\Servicio de red"""
"Apr 26, 2025 @ 14:13:52.714","host1_windows1","60642","3","Software protection service scheduled successfully.","Application","""El servicio de protección de software se programó correctamente para reiniciarse a las 2025-06-21T17:41:52Z. Motivo: RulesEngine."""
"Apr 26, 2025 @ 14:13:24.475","host1_windows1","92154","4","Process loaded taskschd.dll module. May be used to create delayed malware execution","Microsoft-Windows-Sysmon/Operational","""Image loaded:\r\nRuleName: technique_id=T1053,technique_name=Scheduled Task\r\nUtcTime: 2025-04-26 18:13:22.822\r\nProcessGuid: {26d71978-2240-680d-1705-000000000600}\r\nProcessId: 7888\r\nImage: C:\Windows\System32\taskhostw.exe\r\nImageLoaded: C:\Windows\System32\taskschd.dll\r\nFileVersion: 10.0.26100.1 (WinBuild.160101.0800)\r\nDescription: Task Scheduler COM API\r\nProduct: Microsoft® Windows® Operating System\r\nCompany: Microsoft Corporation\r\nOriginalFileName: taskschd.dll\r\nHashes: SHA1=03D12FA8C05451E741E9DCD1FCE2D91507128AED,MD5=60392F262DDE3734086D0E1D372ED186,SHA256=7A172A93C9DEF92F8C9683209B491C0FE835B3F1AEF257218441761120ED1C0E,IMPHASH=E61FD409CB21E6A6EBA2AFE59848CFC8\r\nSigned: true\r\nSignature: Microsoft Windows\r\nSignatureStatus: Valid\r\nUser: NT AUTHORITY\SYSTEM"""
"Apr 26, 2025 @ 14:10:30.069","host1_windows1","92213","15","Executable file dropped in folder commonly used by malware","Microsoft-Windows-Sysmon/Operational","""File created:\r\nRuleName: technique_id=T1059.001,technique_name=PowerShell\r\nUtcTime: 2025-04-26 18:10:28.326\r\nProcessGuid: {26d71978-2194-680d-1605-000000000600}\r\nProcessId: 3864\r\nImage: C:\WINDOWS\System32\WindowsPowerShell\v1.0\powershell.exe\r\nTargetFilename: C:\Users\usach\AppData\Local\Temp\__PSScriptPolicyTest_uftncqzi.4pr.ps1\r\nCreationUtcTime: 2025-04-26 18:10:28.326\r\nUser: DESKTOP-V0J3BBT\usach"""
"Apr 26, 2025 @ 14:09:28.134","host1_windows1","92213","15","Executable file dropped in folder commonly used by malware","Microsoft-Windows-Sysmon/Operational","""File created:\r\nRuleName: technique_id=T1059.001,technique_name=PowerShell\r\nUtcTime: 2025-04-26 18:09:26.315\r\nProcessGuid: {26d71978-2156-680d-1505-000000000600}\r\nProcessId: 2920\r\nImage: C:\WINDOWS\System32\WindowsPowerShell\v1.0\powershell.exe\r\nTargetFilename: C:\Users\usach\AppData\Local\Temp\__PSScriptPolicyTest_hgjfm2jb.t2c.ps1\r\nCreationUtcTime: 2025-04-26 18:09:26.315\r\nUser: DESKTOP-V0J3BBT\usach"""
"Apr 26, 2025 @ 14:08:45.088","host1_windows1","92213","15","Executable file dropped in folder commonly used by malware","Microsoft-Windows-Sysmon/Operational","""File created:\r\nRuleName: technique_id=T1059.001,technique_name=PowerShell\r\nUtcTime: 2025-04-26 18:08:43.313\r\nProcessGuid: {26d71978-212b-680d-1405-000000000600}\r\nProcessId: 8920\r\nImage: C:\WINDOWS\System32\WindowsPowerShell\v1.0\powershell.exe\r\nTargetFilename: C:\Users\usach\AppData\Local\Temp\__PSScriptPolicyTest_vmqigotg.adc.ps1\r\nCreationUtcTime: 2025-04-26 18:08:43.313\r\nUser: DESKTOP-V0J3BBT\usach"""
"Apr 26, 2025 @ 14:07:50.063","host1_windows1","92213","15","Executable file dropped in folder commonly used by malware","Microsoft-Windows-Sysmon/Operational","""File created:\r\nRuleName: technique_id=T1059.001,technique_name=PowerShell\r\nUtcTime: 2025-04-26 18:07:48.736\r\nProcessGuid: {26d71978-20f4-680d-1305-000000000600}\r\nProcessId: 7216\r\nImage: C:\WINDOWS\System32\WindowsPowerShell\v1.0\powershell.exe\r\nTargetFilename: C:\Users\usach\AppData\Local\Temp\__PSScriptPolicyTest_xddvlfzo.kva.ps1\r\nCreationUtcTime: 2025-04-26 18:07:48.736\r\nUser: DESKTOP-V0J3BBT\usach"""
"Apr 26, 2025 @ 14:07:47.417","host1_windows1","92200","6","Scripting file created under Windows Temp or User folder","Microsoft-Windows-Sysmon/Operational","""File created:\r\nRuleName: technique_id=T1059.007,technique_name=JavaScript\r\nUtcTime: 2025-04-26 18:07:45.757\r\nProcessGuid: {26d71978-20e3-680d-0e05-000000000600}\r\nProcessId: 1244\r\nImage: C:\Program Files\Mozilla Firefox\firefox.exe\r\nTargetFilename: C:\Users\usach\AppData\Roaming\Mozilla\Firefox\Background Tasks Profiles\zcdqlvtt.MozillaBackgroundTask-308046B0AF4A39CB-defaultagent\prefs-1.js\r\nCreationUtcTime: 2025-04-26 18:07:35.566\r\nUser: DESKTOP-V0J3BBT\usach"""
"Apr 26, 2025 @ 14:07:47.387","host1_windows1","92200","6","Scripting file created under Windows Temp or User folder","Microsoft-Windows-Sysmon/Operational","""File created:\r\nRuleName: technique_id=T1059.007,technique_name=JavaScript\r\nUtcTime: 2025-04-26 18:07:45.757\r\nProcessGuid: {26d71978-20e3-680d-0e05-000000000600}\r\nProcessId: 1244\r\nImage: C:\Program Files\Mozilla Firefox\firefox.exe\r\nTargetFilename: C:\Users\usach\AppData\Roaming\Mozilla\Firefox\Background Tasks Profiles\zcdqlvtt.MozillaBackgroundTask-308046B0AF4A39CB-defaultagent\prefs-1.js\r\nCreationUtcTime: 2025-04-26 18:07:35.566\r\nUser: DESKTOP-V0J3BBT\usach"""
"Apr 26, 2025 @ 14:07:41.288","host1_windows1","60106","3","Windows Logon Success","Security","""Se inició sesión correctamente en una cuenta.\r\n\r\nFirmante:\r\n	Id. de seguridad:		S-1-5-18\r\n	Nombre de cuenta:		DESKTOP-V0J3BBT$\r\n	Dominio de cuenta:		WORKGROUP\r\n	Id. de inicio de sesión:		0x3E7\r\n\r\nInformación de inicio de sesión:\r\n	Tipo de inicio de sesión:		5\r\n	Modo de administrador restringido:	-\r\n	Credential Guard remota:	-\r\n	Cuenta virtual:		No\r\n	Token elevado:		Sí\r\n\r\nNivel de suplantación:		Suplantación\r\n\r\nNuevo inicio de sesión:\r\n	Id. de seguridad:		S-1-5-18\r\n	Nombre de cuenta:		SYSTEM\r\n	Dominio de cuenta:		NT AUTHORITY\r\n	Id. de inicio de sesión:		0x3E7\r\n	Inicio de sesión vinculado:		0x0\r\n	Nombre de cuenta de red:	-\r\n	Dominio de cuenta de red:	-\r\n	GUID de inicio de sesión:		{00000000-0000-0000-0000-000000000000}\r\n\r\nInformación de proceso:\r\n	Id. de proceso:		0x33c\r\n	Nombre de proceso:		C:\Windows\System32\services.exe\r\n\r\nInformación de red:\r\n	Nombre de estación de trabajo:	-\r\n	Dirección de red de origen:	-\r\n	Puerto de origen:		-\r\n\r\nInformación de autenticación detallada:\r\n	Proceso de inicio de sesión:		Advapi  \r\n	Paquete de autenticación:	Negotiate\r\n	Servicios transitados:	-\r\n	Nombre de paquete (solo NTLM):	-\r\n	Longitud de clave:		0\r\n\r\nEste evento se genera cuando se crea una sesión de inicio. Lo genera el equipo al que se tuvo acceso.\r\n\r\nLos campos de firmante indican la cuenta del sistema local que solicitó el inicio de sesión. Suele ser un servicio como el servicio de servidor o un proceso local como Winlogon.exe o Services.exe.\r\n\r\nEl campo Tipo de inicio de sesión indica la clase de inicio de sesión que se realizó. Los tipos más comunes son 2 (interactivo) y 3 (red).\r\n\r\nLos campos Nuevo inicio de sesión indican la cuenta para la que se creó el nuevo inicio de sesión, es decir, aquella en la que se inició la sesión.\r\n\r\nLos campos de red indican dónde se originó una solicitud de inicio de sesión remota. Nombre de estación de trabajo no está siempre disponible y se puede dejar en blanco en algunos casos.\r\n\r\nEl campo de nivel de suplantación indica en qué medida un proceso en la sesión de inicio de sesión puede suplantar.\r\n\r\nLos campos de información de autenticación proporcionan información detallada sobre esta solicitud de inicio de sesión específica.\r\n	- GUID de inicio de sesión es un identificador único que se puede usar para correlacionar este evento con un evento KDC.\r\n	- Servicios transitados indica los servicios intermedios que participaron en esta solicitud de inicio de sesión.\r\n	- Nombre de paquete indica el subprotocolo que se usó entre los protocolos NTLM.\r\n	- Longitud de clave indica la longitud de la clave de sesión generada. Será 0 si no se solicitó una clave de sesión."""
"Apr 26, 2025 @ 14:07:37.235","host1_windows1","60106","3","Windows Logon Success","Security","""Se inició sesión correctamente en una cuenta.\r\n\r\nFirmante:\r\n	Id. de seguridad:		S-1-5-18\r\n	Nombre de cuenta:		DESKTOP-V0J3BBT$\r\n	Dominio de cuenta:		WORKGROUP\r\n	Id. de inicio de sesión:		0x3E7\r\n\r\nInformación de inicio de sesión:\r\n	Tipo de inicio de sesión:		5\r\n	Modo de administrador restringido:	-\r\n	Credential Guard remota:	-\r\n	Cuenta virtual:		No\r\n	Token elevado:		Sí\r\n\r\nNivel de suplantación:		Suplantación\r\n\r\nNuevo inicio de sesión:\r\n	Id. de seguridad:		S-1-5-18\r\n	Nombre de cuenta:		SYSTEM\r\n	Dominio de cuenta:		NT AUTHORITY\r\n	Id. de inicio de sesión:		0x3E7\r\n	Inicio de sesión vinculado:		0x0\r\n	Nombre de cuenta de red:	-\r\n	Dominio de cuenta de red:	-\r\n	GUID de inicio de sesión:		{00000000-0000-0000-0000-000000000000}\r\n\r\nInformación de proceso:\r\n	Id. de proceso:		0x33c\r\n	Nombre de proceso:		C:\Windows\System32\services.exe\r\n\r\nInformación de red:\r\n	Nombre de estación de trabajo:	-\r\n	Dirección de red de origen:	-\r\n	Puerto de origen:		-\r\n\r\nInformación de autenticación detallada:\r\n	Proceso de inicio de sesión:		Advapi  \r\n	Paquete de autenticación:	Negotiate\r\n	Servicios transitados:	-\r\n	Nombre de paquete (solo NTLM):	-\r\n	Longitud de clave:		0\r\n\r\nEste evento se genera cuando se crea una sesión de inicio. Lo genera el equipo al que se tuvo acceso.\r\n\r\nLos campos de firmante indican la cuenta del sistema local que solicitó el inicio de sesión. Suele ser un servicio como el servicio de servidor o un proceso local como Winlogon.exe o Services.exe.\r\n\r\nEl campo Tipo de inicio de sesión indica la clase de inicio de sesión que se realizó. Los tipos más comunes son 2 (interactivo) y 3 (red).\r\n\r\nLos campos Nuevo inicio de sesión indican la cuenta para la que se creó el nuevo inicio de sesión, es decir, aquella en la que se inició la sesión.\r\n\r\nLos campos de red indican dónde se originó una solicitud de inicio de sesión remota. Nombre de estación de trabajo no está siempre disponible y se puede dejar en blanco en algunos casos.\r\n\r\nEl campo de nivel de suplantación indica en qué medida un proceso en la sesión de inicio de sesión puede suplantar.\r\n\r\nLos campos de información de autenticación proporcionan información detallada sobre esta solicitud de inicio de sesión específica.\r\n	- GUID de inicio de sesión es un identificador único que se puede usar para correlacionar este evento con un evento KDC.\r\n	- Servicios transitados indica los servicios intermedios que participaron en esta solicitud de inicio de sesión.\r\n	- Nombre de paquete indica el subprotocolo que se usó entre los protocolos NTLM.\r\n	- Longitud de clave indica la longitud de la clave de sesión generada. Será 0 si no se solicitó una clave de sesión."""
"Apr 26, 2025 @ 14:07:36.869","host1_windows1","92200","6","Scripting file created under Windows Temp or User folder","Microsoft-Windows-Sysmon/Operational","""File created:\r\nRuleName: technique_id=T1059.007,technique_name=JavaScript\r\nUtcTime: 2025-04-26 18:07:35.567\r\nProcessGuid: {26d71978-20e3-680d-0e05-000000000600}\r\nProcessId: 1244\r\nImage: C:\Program Files\Mozilla Firefox\firefox.exe\r\nTargetFilename: C:\Users\usach\AppData\Roaming\Mozilla\Firefox\Background Tasks Profiles\zcdqlvtt.MozillaBackgroundTask-308046B0AF4A39CB-defaultagent\prefs-1.js\r\nCreationUtcTime: 2025-04-26 18:07:35.566\r\nUser: DESKTOP-V0J3BBT\usach"""
"Apr 26, 2025 @ 14:07:36.856","host1_windows1","92200","6","Scripting file created under Windows Temp or User folder","Microsoft-Windows-Sysmon/Operational","""File created:\r\nRuleName: technique_id=T1059.007,technique_name=JavaScript\r\nUtcTime: 2025-04-26 18:07:35.566\r\nProcessGuid: {26d71978-20e3-680d-0e05-000000000600}\r\nProcessId: 1244\r\nImage: C:\Program Files\Mozilla Firefox\firefox.exe\r\nTargetFilename: C:\Users\usach\AppData\Roaming\Mozilla\Firefox\Background Tasks Profiles\zcdqlvtt.MozillaBackgroundTask-308046B0AF4A39CB-defaultagent\prefs-1.js\r\nCreationUtcTime: 2025-04-26 18:07:35.566\r\nUser: DESKTOP-V0J3BBT\usach"""
"Apr 26, 2025 @ 14:07:36.640","host1_windows1","61104","3","Service startup type was changed","System","""El tipo de inicio del servicio Servicio de transferencia inteligente en segundo plano (BITS) se cambió de inicio por solicitud a inicio automático."""
"Apr 26, 2025 @ 14:07:36.131","host1_windows1","60106","3","Windows Logon Success","Security","""Se inició sesión correctamente en una cuenta.\r\n\r\nFirmante:\r\n	Id. de seguridad:		S-1-5-18\r\n	Nombre de cuenta:		DESKTOP-V0J3BBT$\r\n	Dominio de cuenta:		WORKGROUP\r\n	Id. de inicio de sesión:		0x3E7\r\n\r\nInformación de inicio de sesión:\r\n	Tipo de inicio de sesión:		5\r\n	Modo de administrador restringido:	-\r\n	Credential Guard remota:	-\r\n	Cuenta virtual:		No\r\n	Token elevado:		Sí\r\n\r\nNivel de suplantación:		Suplantación\r\n\r\nNuevo inicio de sesión:\r\n	Id. de seguridad:		S-1-5-18\r\n	Nombre de cuenta:		SYSTEM\r\n	Dominio de cuenta:		NT AUTHORITY\r\n	Id. de inicio de sesión:		0x3E7\r\n	Inicio de sesión vinculado:		0x0\r\n	Nombre de cuenta de red:	-\r\n	Dominio de cuenta de red:	-\r\n	GUID de inicio de sesión:		{00000000-0000-0000-0000-000000000000}\r\n\r\nInformación de proceso:\r\n	Id. de proceso:		0x33c\r\n	Nombre de proceso:		C:\Windows\System32\services.exe\r\n\r\nInformación de red:\r\n	Nombre de estación de trabajo:	-\r\n	Dirección de red de origen:	-\r\n	Puerto de origen:		-\r\n\r\nInformación de autenticación detallada:\r\n	Proceso de inicio de sesión:		Advapi  \r\n	Paquete de autenticación:	Negotiate\r\n	Servicios transitados:	-\r\n	Nombre de paquete (solo NTLM):	-\r\n	Longitud de clave:		0\r\n\r\nEste evento se genera cuando se crea una sesión de inicio. Lo genera el equipo al que se tuvo acceso.\r\n\r\nLos campos de firmante indican la cuenta del sistema local que solicitó el inicio de sesión. Suele ser un servicio como el servicio de servidor o un proceso local como Winlogon.exe o Services.exe.\r\n\r\nEl campo Tipo de inicio de sesión indica la clase de inicio de sesión que se realizó. Los tipos más comunes son 2 (interactivo) y 3 (red).\r\n\r\nLos campos Nuevo inicio de sesión indican la cuenta para la que se creó el nuevo inicio de sesión, es decir, aquella en la que se inició la sesión.\r\n\r\nLos campos de red indican dónde se originó una solicitud de inicio de sesión remota. Nombre de estación de trabajo no está siempre disponible y se puede dejar en blanco en algunos casos.\r\n\r\nEl campo de nivel de suplantación indica en qué medida un proceso en la sesión de inicio de sesión puede suplantar.\r\n\r\nLos campos de información de autenticación proporcionan información detallada sobre esta solicitud de inicio de sesión específica.\r\n	- GUID de inicio de sesión es un identificador único que se puede usar para correlacionar este evento con un evento KDC.\r\n	- Servicios transitados indica los servicios intermedios que participaron en esta solicitud de inicio de sesión.\r\n	- Nombre de paquete indica el subprotocolo que se usó entre los protocolos NTLM.\r\n	- Longitud de clave indica la longitud de la clave de sesión generada. Será 0 si no se solicitó una clave de sesión."""
"Apr 26, 2025 @ 14:06:53.922","host1_windows1","92213","15","Executable file dropped in folder commonly used by malware","Microsoft-Windows-Sysmon/Operational","""File created:\r\nRuleName: technique_id=T1059.001,technique_name=PowerShell\r\nUtcTime: 2025-04-26 18:06:52.188\r\nProcessGuid: {26d71978-20bc-680d-0a05-000000000600}\r\nProcessId: 2340\r\nImage: C:\WINDOWS\System32\WindowsPowerShell\v1.0\powershell.exe\r\nTargetFilename: C:\Users\usach\AppData\Local\Temp\__PSScriptPolicyTest_s25l2obh.udo.ps1\r\nCreationUtcTime: 2025-04-26 18:06:52.188\r\nUser: DESKTOP-V0J3BBT\usach"""
"Apr 26, 2025 @ 14:03:18.857","host1_windows1","92213","15","Executable file dropped in folder commonly used by malware","Microsoft-Windows-Sysmon/Operational","""File created:\r\nRuleName: technique_id=T1059.001,technique_name=PowerShell\r\nUtcTime: 2025-04-26 18:03:17.075\r\nProcessGuid: {26d71978-1fe5-680d-0805-000000000600}\r\nProcessId: 8416\r\nImage: C:\WINDOWS\System32\WindowsPowerShell\v1.0\powershell.exe\r\nTargetFilename: C:\Users\usach\AppData\Local\Temp\__PSScriptPolicyTest_ip0r05bl.qo4.ps1\r\nCreationUtcTime: 2025-04-26 18:03:17.075\r\nUser: DESKTOP-V0J3BBT\usach"""
"Apr 26, 2025 @ 14:02:22.785","host1_windows1","92213","15","Executable file dropped in folder commonly used by malware","Microsoft-Windows-Sysmon/Operational","""File created:\r\nRuleName: technique_id=T1059.001,technique_name=PowerShell\r\nUtcTime: 2025-04-26 18:02:21.046\r\nProcessGuid: {26d71978-1fac-680d-0705-000000000600}\r\nProcessId: 1680\r\nImage: C:\WINDOWS\System32\WindowsPowerShell\v1.0\powershell.exe\r\nTargetFilename: C:\Users\usach\AppData\Local\Temp\__PSScriptPolicyTest_lei1mjhx.oo3.ps1\r\nCreationUtcTime: 2025-04-26 18:02:21.041\r\nUser: DESKTOP-V0J3BBT\usach"""
"Apr 26, 2025 @ 14:01:24.812","host1_windows1","92213","15","Executable file dropped in folder commonly used by malware","Microsoft-Windows-Sysmon/Operational","""File created:\r\nRuleName: technique_id=T1059.001,technique_name=PowerShell\r\nUtcTime: 2025-04-26 18:01:23.008\r\nProcessGuid: {26d71978-1f72-680d-0505-000000000600}\r\nProcessId: 4964\r\nImage: C:\WINDOWS\System32\WindowsPowerShell\v1.0\powershell.exe\r\nTargetFilename: C:\Users\usach\AppData\Local\Temp\__PSScriptPolicyTest_3ecnfnjn.hqf.ps1\r\nCreationUtcTime: 2025-04-26 18:01:23.008\r\nUser: DESKTOP-V0J3BBT\usach"""
"Apr 26, 2025 @ 14:00:31.738","host1_windows1","92213","15","Executable file dropped in folder commonly used by malware","Microsoft-Windows-Sysmon/Operational","""File created:\r\nRuleName: technique_id=T1059.001,technique_name=PowerShell\r\nUtcTime: 2025-04-26 18:00:29.949\r\nProcessGuid: {26d71978-1f3d-680d-0405-000000000600}\r\nProcessId: 4936\r\nImage: C:\WINDOWS\System32\WindowsPowerShell\v1.0\powershell.exe\r\nTargetFilename: C:\Users\usach\AppData\Local\Temp\__PSScriptPolicyTest_nzwxcmk2.wp0.ps1\r\nCreationUtcTime: 2025-04-26 18:00:29.949\r\nUser: DESKTOP-V0J3BBT\usach"""
"Apr 26, 2025 @ 13:59:37.961","host1_windows1","92039","3","A net.exe account discovery command was initiated","Microsoft-Windows-Sysmon/Operational","""Process Create:\r\nRuleName: technique_id=T1018,technique_name=Remote System Discovery\r\nUtcTime: 2025-04-26 17:59:36.035\r\nProcessGuid: {26d71978-1f08-680d-0305-000000000600}\r\nProcessId: 5172\r\nImage: C:\Windows\System32\net1.exe\r\nFileVersion: 10.0.26100.1150 (WinBuild.160101.0800)\r\nDescription: Net Command\r\nProduct: Microsoft® Windows® Operating System\r\nCompany: Microsoft Corporation\r\nOriginalFileName: net1.exe\r\nCommandLine: C:\WINDOWS\system32\net1 user usach /domain\r\nCurrentDirectory: C:\Users\usach\\r\nUser: DESKTOP-V0J3BBT\usach\r\nLogonGuid: {26d71978-fab0-680c-e1c4-0c0000000000}\r\nLogonId: 0xCC4E1\r\nTerminalSessionId: 1\r\nIntegrityLevel: High\r\nHashes: SHA1=EF2D271C7A297FD2CD003D50F67493B3F3AC2988,MD5=12293EDB07AB8B4D92BAF4BEBFD7A9D8,SHA256=15E3429ECCE48FC6AB66371D040F4C40FB961F2CED4C7D40942279B19DEFE8C7,IMPHASH=98A56655C7E54BCE7F55B3F01AB5B07E\r\nParentProcessGuid: {26d71978-1f08-680d-0205-000000000600}\r\nParentProcessId: 1740\r\nParentImage: C:\Windows\System32\net.exe\r\nParentCommandLine: ""C:\WINDOWS\system32\net.exe"" user usach /domain\r\nParentUser: DESKTOP-V0J3BBT\usach"""
"Apr 26, 2025 @ 13:59:37.900","host1_windows1","92033","3","Discovery activity spawned via powershell execution","Microsoft-Windows-Sysmon/Operational","""Process Create:\r\nRuleName: technique_id=T1018,technique_name=Remote System Discovery\r\nUtcTime: 2025-04-26 17:59:36.025\r\nProcessGuid: {26d71978-1f08-680d-0205-000000000600}\r\nProcessId: 1740\r\nImage: C:\Windows\System32\net.exe\r\nFileVersion: 10.0.26100.1 (WinBuild.160101.0800)\r\nDescription: Net Command\r\nProduct: Microsoft® Windows® Operating System\r\nCompany: Microsoft Corporation\r\nOriginalFileName: net.exe\r\nCommandLine: ""C:\WINDOWS\system32\net.exe"" user usach /domain\r\nCurrentDirectory: C:\Users\usach\\r\nUser: DESKTOP-V0J3BBT\usach\r\nLogonGuid: {26d71978-fab0-680c-e1c4-0c0000000000}\r\nLogonId: 0xCC4E1\r\nTerminalSessionId: 1\r\nIntegrityLevel: High\r\nHashes: SHA1=22C5F27687496FEE69D97F499FB08592FE4AABD4,MD5=1BFB2C7C3B8BE001F5A346E5AA4A5C2D,SHA256=3BFE5126FA138291696C4551077D007650425B0BF399FD94363E9E9C7BE73ED5,IMPHASH=EF46B86C2346DA0A991DE4B78AAF4E75\r\nParentProcessGuid: {26d71978-1f07-680d-0105-000000000600}\r\nParentProcessId: 1244\r\nParentImage: C:\Windows\System32\WindowsPowerShell\v1.0\powershell.exe\r\nParentCommandLine: powershell.exe -ExecutionPolicy Bypass -C ""net user usach /domain""\r\nParentUser: DESKTOP-V0J3BBT\usach"""
"Apr 26, 2025 @ 13:59:37.746","host1_windows1","92213","15","Executable file dropped in folder commonly used by malware","Microsoft-Windows-Sysmon/Operational","""File created:\r\nRuleName: technique_id=T1059.001,technique_name=PowerShell\r\nUtcTime: 2025-04-26 17:59:35.939\r\nProcessGuid: {26d71978-1f07-680d-0105-000000000600}\r\nProcessId: 1244\r\nImage: C:\WINDOWS\System32\WindowsPowerShell\v1.0\powershell.exe\r\nTargetFilename: C:\Users\usach\AppData\Local\Temp\__PSScriptPolicyTest_1cslug1g.oy0.ps1\r\nCreationUtcTime: 2025-04-26 17:59:35.939\r\nUser: DESKTOP-V0J3BBT\usach"""
"Apr 26, 2025 @ 13:58:46.708","host1_windows1","61109","5","Name resolution for the name wpad timed out","System","""La resolución de nombres para el nombre wpad agotó el tiempo de espera después de que ninguno de los servidores DNS configurados respondiera. PID de cliente 2516."""
"Apr 26, 2025 @ 13:58:37.888","host1_windows1","92031","3","Discovery activity executed","Microsoft-Windows-Sysmon/Operational","""Process Create:\r\nRuleName: technique_id=T1018,technique_name=Remote System Discovery\r\nUtcTime: 2025-04-26 17:58:36.015\r\nProcessGuid: {26d71978-1ecc-680d-0005-000000000600}\r\nProcessId: 1048\r\nImage: C:\Windows\System32\net1.exe\r\nFileVersion: 10.0.26100.1150 (WinBuild.160101.0800)\r\nDescription: Net Command\r\nProduct: Microsoft® Windows® Operating System\r\nCompany: Microsoft Corporation\r\nOriginalFileName: net1.exe\r\nCommandLine: C:\WINDOWS\system32\net1 accounts\r\nCurrentDirectory: C:\Users\usach\\r\nUser: DESKTOP-V0J3BBT\usach\r\nLogonGuid: {26d71978-fab0-680c-e1c4-0c0000000000}\r\nLogonId: 0xCC4E1\r\nTerminalSessionId: 1\r\nIntegrityLevel: High\r\nHashes: SHA1=EF2D271C7A297FD2CD003D50F67493B3F3AC2988,MD5=12293EDB07AB8B4D92BAF4BEBFD7A9D8,SHA256=15E3429ECCE48FC6AB66371D040F4C40FB961F2CED4C7D40942279B19DEFE8C7,IMPHASH=98A56655C7E54BCE7F55B3F01AB5B07E\r\nParentProcessGuid: {26d71978-1ecc-680d-ff04-000000000600}\r\nParentProcessId: 2304\r\nParentImage: C:\Windows\System32\net.exe\r\nParentCommandLine: ""C:\WINDOWS\system32\net.exe"" accounts\r\nParentUser: DESKTOP-V0J3BBT\usach"""
"Apr 26, 2025 @ 13:58:37.827","host1_windows1","92033","3","Discovery activity spawned via powershell execution","Microsoft-Windows-Sysmon/Operational","""Process Create:\r\nRuleName: technique_id=T1018,technique_name=Remote System Discovery\r\nUtcTime: 2025-04-26 17:58:36.004\r\nProcessGuid: {26d71978-1ecc-680d-ff04-000000000600}\r\nProcessId: 2304\r\nImage: C:\Windows\System32\net.exe\r\nFileVersion: 10.0.26100.1 (WinBuild.160101.0800)\r\nDescription: Net Command\r\nProduct: Microsoft® Windows® Operating System\r\nCompany: Microsoft Corporation\r\nOriginalFileName: net.exe\r\nCommandLine: ""C:\WINDOWS\system32\net.exe"" accounts\r\nCurrentDirectory: C:\Users\usach\\r\nUser: DESKTOP-V0J3BBT\usach\r\nLogonGuid: {26d71978-fab0-680c-e1c4-0c0000000000}\r\nLogonId: 0xCC4E1\r\nTerminalSessionId: 1\r\nIntegrityLevel: High\r\nHashes: SHA1=22C5F27687496FEE69D97F499FB08592FE4AABD4,MD5=1BFB2C7C3B8BE001F5A346E5AA4A5C2D,SHA256=3BFE5126FA138291696C4551077D007650425B0BF399FD94363E9E9C7BE73ED5,IMPHASH=EF46B86C2346DA0A991DE4B78AAF4E75\r\nParentProcessGuid: {26d71978-1ecb-680d-fe04-000000000600}\r\nParentProcessId: 8408\r\nParentImage: C:\Windows\System32\WindowsPowerShell\v1.0\powershell.exe\r\nParentCommandLine: powershell.exe -ExecutionPolicy Bypass -C ""net accounts""\r\nParentUser: DESKTOP-V0J3BBT\usach"""
"Apr 26, 2025 @ 13:58:37.674","host1_windows1","92213","15","Executable file dropped in folder commonly used by malware","Microsoft-Windows-Sysmon/Operational","""File created:\r\nRuleName: technique_id=T1059.001,technique_name=PowerShell\r\nUtcTime: 2025-04-26 17:58:35.910\r\nProcessGuid: {26d71978-1ecb-680d-fe04-000000000600}\r\nProcessId: 8408\r\nImage: C:\WINDOWS\System32\WindowsPowerShell\v1.0\powershell.exe\r\nTargetFilename: C:\Users\usach\AppData\Local\Temp\__PSScriptPolicyTest_k3p2oxby.thq.ps1\r\nCreationUtcTime: 2025-04-26 17:58:35.910\r\nUser: DESKTOP-V0J3BBT\usach"""
"Apr 26, 2025 @ 13:58:01.238","host1_windows1","92910","12","Explorer process was accessed by C:\\WINDOWS\\system32\\tasklist.exe, possible process injection","Microsoft-Windows-Sysmon/Operational","""Process accessed:\r\nRuleName: technique_id=T1003,technique_name=Credential Dumping\r\nUtcTime: 2025-04-26 17:57:59.875\r\nSourceProcessGUID: {26d71978-1ea7-680d-fd04-000000000600}\r\nSourceProcessId: 10120\r\nSourceThreadId: 428\r\nSourceImage: C:\WINDOWS\system32\tasklist.exe\r\nTargetProcessGUID: {26d71978-fab1-680c-de00-000000000600}\r\nTargetProcessId: 5672\r\nTargetImage: C:\WINDOWS\Explorer.EXE\r\nGrantedAccess: 0x1FFFFF\r\nCallTrace: C:\WINDOWS\SYSTEM32\ntdll.dll+15f2c4|C:\WINDOWS\SYSTEM32\ntdll.dll+7201f|C:\WINDOWS\System32\dbghelp.dll+e3af|C:\WINDOWS\System32\dbghelp.dll+e310|C:\WINDOWS\system32\tasklist.exe+46fb|C:\WINDOWS\system32\tasklist.exe+53cb|C:\WINDOWS\system32\tasklist.exe+4f3e|C:\WINDOWS\system32\tasklist.exe+64dc|C:\WINDOWS\system32\tasklist.exe+7afc|C:\WINDOWS\system32\tasklist.exe+12d4|C:\WINDOWS\System32\KERNEL32.DLL+2dbe7|C:\WINDOWS\SYSTEM32\ntdll.dll+85a6c\r\nSourceUser: DESKTOP-V0J3BBT\usach\r\nTargetUser: DESKTOP-V0J3BBT\usach"""
"Apr 26, 2025 @ 13:58:00.093","host1_windows1","92213","15","Executable file dropped in folder commonly used by malware","Microsoft-Windows-Sysmon/Operational","""File created:\r\nRuleName: technique_id=T1059.001,technique_name=PowerShell\r\nUtcTime: 2025-04-26 17:57:58.909\r\nProcessGuid: {26d71978-1ea6-680d-fc04-000000000600}\r\nProcessId: 2488\r\nImage: C:\WINDOWS\System32\WindowsPowerShell\v1.0\powershell.exe\r\nTargetFilename: C:\Users\usach\AppData\Local\Temp\__PSScriptPolicyTest_havqpuns.lax.ps1\r\nCreationUtcTime: 2025-04-26 17:57:58.909\r\nUser: DESKTOP-V0J3BBT\usach"""
"Apr 26, 2025 @ 13:57:40.205","host1_windows1","92154","4","Process loaded taskschd.dll module. May be used to create delayed malware execution","Microsoft-Windows-Sysmon/Operational","""Image loaded:\r\nRuleName: technique_id=T1053,technique_name=Scheduled Task\r\nUtcTime: 2025-04-26 17:57:39.093\r\nProcessGuid: {26d71978-1e92-680d-fb04-000000000600}\r\nProcessId: 9672\r\nImage: C:\Program Files (x86)\Microsoft\EdgeUpdate\MicrosoftEdgeUpdate.exe\r\nImageLoaded: C:\Windows\SysWOW64\taskschd.dll\r\nFileVersion: 10.0.26100.1 (WinBuild.160101.0800)\r\nDescription: Task Scheduler COM API\r\nProduct: Microsoft® Windows® Operating System\r\nCompany: Microsoft Corporation\r\nOriginalFileName: taskschd.dll\r\nHashes: SHA1=894727CF3D1923CB2E3A3F93A20BFF54B28CAD26,MD5=E03BAB1E04309BD3918365DFAFF5F85B,SHA256=8ED3C82873392BDA0377E617BBFF18B2C340FEDA9AAA9A886112CE2057635CD0,IMPHASH=86234BA1ECC097DF8302B1B6731097FD\r\nSigned: true\r\nSignature: Microsoft Windows\r\nSignatureStatus: Valid\r\nUser: NT AUTHORITY\SYSTEM"""
"Apr 26, 2025 @ 13:57:40.161","host1_windows1","92154","4","Process loaded taskschd.dll module. May be used to create delayed malware execution","Microsoft-Windows-Sysmon/Operational","""Image loaded:\r\nRuleName: technique_id=T1053,technique_name=Scheduled Task\r\nUtcTime: 2025-04-26 17:57:38.717\r\nProcessGuid: {26d71978-1e92-680d-fa04-000000000600}\r\nProcessId: 4528\r\nImage: C:\Program Files (x86)\Microsoft\EdgeUpdate\MicrosoftEdgeUpdate.exe\r\nImageLoaded: C:\Windows\SysWOW64\taskschd.dll\r\nFileVersion: 10.0.26100.1 (WinBuild.160101.0800)\r\nDescription: Task Scheduler COM API\r\nProduct: Microsoft® Windows® Operating System\r\nCompany: Microsoft Corporation\r\nOriginalFileName: taskschd.dll\r\nHashes: SHA1=894727CF3D1923CB2E3A3F93A20BFF54B28CAD26,MD5=E03BAB1E04309BD3918365DFAFF5F85B,SHA256=8ED3C82873392BDA0377E617BBFF18B2C340FEDA9AAA9A886112CE2057635CD0,IMPHASH=86234BA1ECC097DF8302B1B6731097FD\r\nSigned: true\r\nSignature: Microsoft Windows\r\nSignatureStatus: Valid\r\nUser: NT AUTHORITY\SYSTEM"""
"Apr 26, 2025 @ 13:57:24.651","host1_windows1","92213","15","Executable file dropped in folder commonly used by malware","Microsoft-Windows-Sysmon/Operational","""File created:\r\nRuleName: technique_id=T1059.001,technique_name=PowerShell\r\nUtcTime: 2025-04-26 17:57:22.860\r\nProcessGuid: {26d71978-1e82-680d-f804-000000000600}\r\nProcessId: 5188\r\nImage: C:\WINDOWS\System32\WindowsPowerShell\v1.0\powershell.exe\r\nTargetFilename: C:\Users\usach\AppData\Local\Temp\__PSScriptPolicyTest_dehx4yna.zfe.ps1\r\nCreationUtcTime: 2025-04-26 17:57:22.860\r\nUser: DESKTOP-V0J3BBT\usach"""
"Apr 26, 2025 @ 13:56:43.570","host1_windows1","92213","15","Executable file dropped in folder commonly used by malware","Microsoft-Windows-Sysmon/Operational","""File created:\r\nRuleName: technique_id=T1059.001,technique_name=PowerShell\r\nUtcTime: 2025-04-26 17:56:41.782\r\nProcessGuid: {26d71978-1e59-680d-f704-000000000600}\r\nProcessId: 264\r\nImage: C:\WINDOWS\System32\WindowsPowerShell\v1.0\powershell.exe\r\nTargetFilename: C:\Users\usach\AppData\Local\Temp\__PSScriptPolicyTest_3oq5kc0m.yh0.ps1\r\nCreationUtcTime: 2025-04-26 17:56:41.782\r\nUser: DESKTOP-V0J3BBT\usach"""
"Apr 26, 2025 @ 13:56:16.346","host1_windows1","60106","3","Windows Logon Success","Security","""Se inició sesión correctamente en una cuenta.\r\n\r\nFirmante:\r\n	Id. de seguridad:		S-1-5-18\r\n	Nombre de cuenta:		DESKTOP-V0J3BBT$\r\n	Dominio de cuenta:		WORKGROUP\r\n	Id. de inicio de sesión:		0x3E7\r\n\r\nInformación de inicio de sesión:\r\n	Tipo de inicio de sesión:		5\r\n	Modo de administrador restringido:	-\r\n	Credential Guard remota:	-\r\n	Cuenta virtual:		No\r\n	Token elevado:		Sí\r\n\r\nNivel de suplantación:		Suplantación\r\n\r\nNuevo inicio de sesión:\r\n	Id. de seguridad:		S-1-5-18\r\n	Nombre de cuenta:		SYSTEM\r\n	Dominio de cuenta:		NT AUTHORITY\r\n	Id. de inicio de sesión:		0x3E7\r\n	Inicio de sesión vinculado:		0x0\r\n	Nombre de cuenta de red:	-\r\n	Dominio de cuenta de red:	-\r\n	GUID de inicio de sesión:		{00000000-0000-0000-0000-000000000000}\r\n\r\nInformación de proceso:\r\n	Id. de proceso:		0x33c\r\n	Nombre de proceso:		C:\Windows\System32\services.exe\r\n\r\nInformación de red:\r\n	Nombre de estación de trabajo:	-\r\n	Dirección de red de origen:	-\r\n	Puerto de origen:		-\r\n\r\nInformación de autenticación detallada:\r\n	Proceso de inicio de sesión:		Advapi  \r\n	Paquete de autenticación:	Negotiate\r\n	Servicios transitados:	-\r\n	Nombre de paquete (solo NTLM):	-\r\n	Longitud de clave:		0\r\n\r\nEste evento se genera cuando se crea una sesión de inicio. Lo genera el equipo al que se tuvo acceso.\r\n\r\nLos campos de firmante indican la cuenta del sistema local que solicitó el inicio de sesión. Suele ser un servicio como el servicio de servidor o un proceso local como Winlogon.exe o Services.exe.\r\n\r\nEl campo Tipo de inicio de sesión indica la clase de inicio de sesión que se realizó. Los tipos más comunes son 2 (interactivo) y 3 (red).\r\n\r\nLos campos Nuevo inicio de sesión indican la cuenta para la que se creó el nuevo inicio de sesión, es decir, aquella en la que se inició la sesión.\r\n\r\nLos campos de red indican dónde se originó una solicitud de inicio de sesión remota. Nombre de estación de trabajo no está siempre disponible y se puede dejar en blanco en algunos casos.\r\n\r\nEl campo de nivel de suplantación indica en qué medida un proceso en la sesión de inicio de sesión puede suplantar.\r\n\r\nLos campos de información de autenticación proporcionan información detallada sobre esta solicitud de inicio de sesión específica.\r\n	- GUID de inicio de sesión es un identificador único que se puede usar para correlacionar este evento con un evento KDC.\r\n	- Servicios transitados indica los servicios intermedios que participaron en esta solicitud de inicio de sesión.\r\n	- Nombre de paquete indica el subprotocolo que se usó entre los protocolos NTLM.\r\n	- Longitud de clave indica la longitud de la clave de sesión generada. Será 0 si no se solicitó una clave de sesión."""
"Apr 26, 2025 @ 13:56:08.173","host1_windows1","92910","12","Explorer process was accessed by C:\\Users\\usach\\AppData\\Local\\Microsoft\\OneDrive\\OneDrive.exe, possible process injection","Microsoft-Windows-Sysmon/Operational","""Process accessed:\r\nRuleName: technique_id=T1036,technique_name=Masquerading\r\nUtcTime: 2025-04-26 17:56:07.457\r\nSourceProcessGUID: {26d71978-fac7-680c-1201-000000000600}\r\nSourceProcessId: 9004\r\nSourceThreadId: 3408\r\nSourceImage: C:\Users\usach\AppData\Local\Microsoft\OneDrive\OneDrive.exe\r\nTargetProcessGUID: {26d71978-fab1-680c-de00-000000000600}\r\nTargetProcessId: 5672\r\nTargetImage: C:\WINDOWS\Explorer.EXE\r\nGrantedAccess: 0x101411\r\nCallTrace: C:\WINDOWS\SYSTEM32\ntdll.dll+15f2c4|C:\WINDOWS\System32\KERNELBASE.dll+c4766|C:\Users\usach\AppData\Local\Microsoft\OneDrive\25.056.0324.0003\FileSyncClient.dll+5e4891|C:\Users\usach\AppData\Local\Microsoft\OneDrive\25.056.0324.0003\FileSyncClient.dll+8a756|C:\Users\usach\AppData\Local\Microsoft\OneDrive\25.056.0324.0003\FileSyncClient.dll+8a4c7|C:\Users\usach\AppData\Local\Microsoft\OneDrive\25.056.0324.0003\FileSyncClient.dll+8a3b6|C:\Users\usach\AppData\Local\Microsoft\OneDrive\25.056.0324.0003\FileSyncEvents.dll+edf1|C:\Users\usach\AppData\Local\Microsoft\OneDrive\25.056.0324.0003\FileSyncHost.DLL+d765|C:\Users\usach\AppData\Local\Microsoft\OneDrive\25.056.0324.0003\FileSyncHost.DLL+ff35|C:\WINDOWS\System32\ucrtbase.dll+14ea0|C:\WINDOWS\System32\KERNEL32.DLL+2dbe7|C:\WINDOWS\SYSTEM32\ntdll.dll+85a6c\r\nSourceUser: DESKTOP-V0J3BBT\usach\r\nTargetUser: DESKTOP-V0J3BBT\usach"""
"Apr 26, 2025 @ 13:56:06.517","host1_windows1","92213","15","Executable file dropped in folder commonly used by malware","Microsoft-Windows-Sysmon/Operational","""File created:\r\nRuleName: technique_id=T1059.001,technique_name=PowerShell\r\nUtcTime: 2025-04-26 17:56:04.727\r\nProcessGuid: {26d71978-1e34-680d-f504-000000000600}\r\nProcessId: 6780\r\nImage: C:\WINDOWS\System32\WindowsPowerShell\v1.0\powershell.exe\r\nTargetFilename: C:\Users\usach\AppData\Local\Temp\__PSScriptPolicyTest_5rcgcaue.1ry.ps1\r\nCreationUtcTime: 2025-04-26 17:56:04.727\r\nUser: DESKTOP-V0J3BBT\usach"""
"Apr 26, 2025 @ 13:55:04.435","host1_windows1","92213","15","Executable file dropped in folder commonly used by malware","Microsoft-Windows-Sysmon/Operational","""File created:\r\nRuleName: technique_id=T1059.001,technique_name=PowerShell\r\nUtcTime: 2025-04-26 17:55:02.731\r\nProcessGuid: {26d71978-1df6-680d-f304-000000000600}\r\nProcessId: 2148\r\nImage: C:\WINDOWS\System32\WindowsPowerShell\v1.0\powershell.exe\r\nTargetFilename: C:\Users\usach\AppData\Local\Temp\__PSScriptPolicyTest_zwjiwkny.pjl.ps1\r\nCreationUtcTime: 2025-04-26 17:55:02.731\r\nUser: DESKTOP-V0J3BBT\usach"""
"Apr 26, 2025 @ 13:54:14.296","host1_windows1","92039","3","A net.exe account discovery command was initiated","Microsoft-Windows-Sysmon/Operational","""Process Create:\r\nRuleName: technique_id=T1018,technique_name=Remote System Discovery\r\nUtcTime: 2025-04-26 17:54:12.621\r\nProcessGuid: {26d71978-1dc4-680d-f204-000000000600}\r\nProcessId: 9168\r\nImage: C:\Windows\System32\net1.exe\r\nFileVersion: 10.0.26100.1150 (WinBuild.160101.0800)\r\nDescription: Net Command\r\nProduct: Microsoft® Windows® Operating System\r\nCompany: Microsoft Corporation\r\nOriginalFileName: net1.exe\r\nCommandLine: C:\WINDOWS\system32\net1  user /domain\r\nCurrentDirectory: C:\Users\usach\\r\nUser: DESKTOP-V0J3BBT\usach\r\nLogonGuid: {26d71978-fab0-680c-e1c4-0c0000000000}\r\nLogonId: 0xCC4E1\r\nTerminalSessionId: 1\r\nIntegrityLevel: High\r\nHashes: SHA1=EF2D271C7A297FD2CD003D50F67493B3F3AC2988,MD5=12293EDB07AB8B4D92BAF4BEBFD7A9D8,SHA256=15E3429ECCE48FC6AB66371D040F4C40FB961F2CED4C7D40942279B19DEFE8C7,IMPHASH=98A56655C7E54BCE7F55B3F01AB5B07E\r\nParentProcessGuid: {26d71978-1dc4-680d-f104-000000000600}\r\nParentProcessId: 9744\r\nParentImage: C:\Windows\System32\net.exe\r\nParentCommandLine: net  user /domain\r\nParentUser: DESKTOP-V0J3BBT\usach"""
"Apr 26, 2025 @ 13:54:14.279","host1_windows1","92036","3","A C:\\Windows\\System32\\net.exe binary was started by a Windows cmd shell","Microsoft-Windows-Sysmon/Operational","""Process Create:\r\nRuleName: technique_id=T1018,technique_name=Remote System Discovery\r\nUtcTime: 2025-04-26 17:54:12.610\r\nProcessGuid: {26d71978-1dc4-680d-f104-000000000600}\r\nProcessId: 9744\r\nImage: C:\Windows\System32\net.exe\r\nFileVersion: 10.0.26100.1 (WinBuild.160101.0800)\r\nDescription: Net Command\r\nProduct: Microsoft® Windows® Operating System\r\nCompany: Microsoft Corporation\r\nOriginalFileName: net.exe\r\nCommandLine: net  user /domain\r\nCurrentDirectory: C:\Users\usach\\r\nUser: DESKTOP-V0J3BBT\usach\r\nLogonGuid: {26d71978-fab0-680c-e1c4-0c0000000000}\r\nLogonId: 0xCC4E1\r\nTerminalSessionId: 1\r\nIntegrityLevel: High\r\nHashes: SHA1=22C5F27687496FEE69D97F499FB08592FE4AABD4,MD5=1BFB2C7C3B8BE001F5A346E5AA4A5C2D,SHA256=3BFE5126FA138291696C4551077D007650425B0BF399FD94363E9E9C7BE73ED5,IMPHASH=EF46B86C2346DA0A991DE4B78AAF4E75\r\nParentProcessGuid: {26d71978-1dc4-680d-f004-000000000600}\r\nParentProcessId: 3764\r\nParentImage: C:\Windows\System32\cmd.exe\r\nParentCommandLine: cmd.exe /C net user /domain\r\nParentUser: DESKTOP-V0J3BBT\usach"""
"Apr 26, 2025 @ 13:54:14.234","host1_windows1","92052","4","Windows command prompt started by an abnormal process","Microsoft-Windows-Sysmon/Operational","""Process Create:\r\nRuleName: technique_id=T1087.001,technique_name=Local Account\r\nUtcTime: 2025-04-26 17:54:12.598\r\nProcessGuid: {26d71978-1dc4-680d-f004-000000000600}\r\nProcessId: 3764\r\nImage: C:\Windows\System32\cmd.exe\r\nFileVersion: 10.0.26100.1591 (WinBuild.160101.0800)\r\nDescription: Windows Command Processor\r\nProduct: Microsoft® Windows® Operating System\r\nCompany: Microsoft Corporation\r\nOriginalFileName: Cmd.Exe\r\nCommandLine: cmd.exe /C net user /domain\r\nCurrentDirectory: C:\Users\usach\\r\nUser: DESKTOP-V0J3BBT\usach\r\nLogonGuid: {26d71978-fab0-680c-e1c4-0c0000000000}\r\nLogonId: 0xCC4E1\r\nTerminalSessionId: 1\r\nIntegrityLevel: High\r\nHashes: SHA1=6045CA4D0E30D7397A077DD8E070F2EB11DC32C0,MD5=B63148610EB6310740000DC856FE837A,SHA256=486AA8AC1661C0DC08D3EBEA4F25F0009D248F2CED111DEA8587C2B7D71B49BB,IMPHASH=05CB934E42838CA78A9F01D367E81539\r\nParentProcessGuid: {26d71978-fd2a-680c-7401-000000000600}\r\nParentProcessId: 5720\r\nParentImage: C:\Users\Public\splunkd.exe\r\nParentCommandLine: ""C:\Users\Public\splunkd.exe"" -server http://192.168.0.16:8888 -group red \r\nParentUser: DESKTOP-V0J3BBT\usach"""
"Apr 26, 2025 @ 13:53:36.526","host1_windows1","92031","3","Discovery activity executed","Microsoft-Windows-Sysmon/Operational","""Process Create:\r\nRuleName: technique_id=T1018,technique_name=Remote System Discovery\r\nUtcTime: 2025-04-26 17:53:34.778\r\nProcessGuid: {26d71978-1d9e-680d-ef04-000000000600}\r\nProcessId: 4244\r\nImage: C:\Windows\System32\net1.exe\r\nFileVersion: 10.0.26100.1150 (WinBuild.160101.0800)\r\nDescription: Net Command\r\nProduct: Microsoft® Windows® Operating System\r\nCompany: Microsoft Corporation\r\nOriginalFileName: net1.exe\r\nCommandLine: C:\WINDOWS\system32\net1 accounts /domain\r\nCurrentDirectory: C:\Users\usach\\r\nUser: DESKTOP-V0J3BBT\usach\r\nLogonGuid: {26d71978-fab0-680c-e1c4-0c0000000000}\r\nLogonId: 0xCC4E1\r\nTerminalSessionId: 1\r\nIntegrityLevel: High\r\nHashes: SHA1=EF2D271C7A297FD2CD003D50F67493B3F3AC2988,MD5=12293EDB07AB8B4D92BAF4BEBFD7A9D8,SHA256=15E3429ECCE48FC6AB66371D040F4C40FB961F2CED4C7D40942279B19DEFE8C7,IMPHASH=98A56655C7E54BCE7F55B3F01AB5B07E\r\nParentProcessGuid: {26d71978-1d9e-680d-ee04-000000000600}\r\nParentProcessId: 5688\r\nParentImage: C:\Windows\System32\net.exe\r\nParentCommandLine: ""C:\WINDOWS\system32\net.exe"" accounts /domain\r\nParentUser: DESKTOP-V0J3BBT\usach"""
"Apr 26, 2025 @ 13:53:36.464","host1_windows1","92033","3","Discovery activity spawned via powershell execution","Microsoft-Windows-Sysmon/Operational","""Process Create:\r\nRuleName: technique_id=T1018,technique_name=Remote System Discovery\r\nUtcTime: 2025-04-26 17:53:34.759\r\nProcessGuid: {26d71978-1d9e-680d-ee04-000000000600}\r\nProcessId: 5688\r\nImage: C:\Windows\System32\net.exe\r\nFileVersion: 10.0.26100.1 (WinBuild.160101.0800)\r\nDescription: Net Command\r\nProduct: Microsoft® Windows® Operating System\r\nCompany: Microsoft Corporation\r\nOriginalFileName: net.exe\r\nCommandLine: ""C:\WINDOWS\system32\net.exe"" accounts /domain\r\nCurrentDirectory: C:\Users\usach\\r\nUser: DESKTOP-V0J3BBT\usach\r\nLogonGuid: {26d71978-fab0-680c-e1c4-0c0000000000}\r\nLogonId: 0xCC4E1\r\nTerminalSessionId: 1\r\nIntegrityLevel: High\r\nHashes: SHA1=22C5F27687496FEE69D97F499FB08592FE4AABD4,MD5=1BFB2C7C3B8BE001F5A346E5AA4A5C2D,SHA256=3BFE5126FA138291696C4551077D007650425B0BF399FD94363E9E9C7BE73ED5,IMPHASH=EF46B86C2346DA0A991DE4B78AAF4E75\r\nParentProcessGuid: {26d71978-1d9e-680d-ed04-000000000600}\r\nParentProcessId: 8280\r\nParentImage: C:\Windows\System32\WindowsPowerShell\v1.0\powershell.exe\r\nParentCommandLine: powershell.exe -ExecutionPolicy Bypass -C ""net accounts /domain""\r\nParentUser: DESKTOP-V0J3BBT\usach"""
"Apr 26, 2025 @ 13:53:36.309","host1_windows1","92213","15","Executable file dropped in folder commonly used by malware","Microsoft-Windows-Sysmon/Operational","""File created:\r\nRuleName: technique_id=T1059.001,technique_name=PowerShell\r\nUtcTime: 2025-04-26 17:53:34.663\r\nProcessGuid: {26d71978-1d9e-680d-ed04-000000000600}\r\nProcessId: 8280\r\nImage: C:\WINDOWS\System32\WindowsPowerShell\v1.0\powershell.exe\r\nTargetFilename: C:\Users\usach\AppData\Local\Temp\__PSScriptPolicyTest_lcdk2xm4.cxb.ps1\r\nCreationUtcTime: 2025-04-26 17:53:34.663\r\nUser: DESKTOP-V0J3BBT\usach"""
"Apr 26, 2025 @ 13:53:14.062","host1_windows1","60106","3","Windows Logon Success","Security","""Se inició sesión correctamente en una cuenta.\r\n\r\nFirmante:\r\n	Id. de seguridad:		S-1-5-18\r\n	Nombre de cuenta:		DESKTOP-V0J3BBT$\r\n	Dominio de cuenta:		WORKGROUP\r\n	Id. de inicio de sesión:		0x3E7\r\n\r\nInformación de inicio de sesión:\r\n	Tipo de inicio de sesión:		5\r\n	Modo de administrador restringido:	-\r\n	Credential Guard remota:	-\r\n	Cuenta virtual:		No\r\n	Token elevado:		Sí\r\n\r\nNivel de suplantación:		Suplantación\r\n\r\nNuevo inicio de sesión:\r\n	Id. de seguridad:		S-1-5-18\r\n	Nombre de cuenta:		SYSTEM\r\n	Dominio de cuenta:		NT AUTHORITY\r\n	Id. de inicio de sesión:		0x3E7\r\n	Inicio de sesión vinculado:		0x0\r\n	Nombre de cuenta de red:	-\r\n	Dominio de cuenta de red:	-\r\n	GUID de inicio de sesión:		{00000000-0000-0000-0000-000000000000}\r\n\r\nInformación de proceso:\r\n	Id. de proceso:		0x33c\r\n	Nombre de proceso:		C:\Windows\System32\services.exe\r\n\r\nInformación de red:\r\n	Nombre de estación de trabajo:	-\r\n	Dirección de red de origen:	-\r\n	Puerto de origen:		-\r\n\r\nInformación de autenticación detallada:\r\n	Proceso de inicio de sesión:		Advapi  \r\n	Paquete de autenticación:	Negotiate\r\n	Servicios transitados:	-\r\n	Nombre de paquete (solo NTLM):	-\r\n	Longitud de clave:		0\r\n\r\nEste evento se genera cuando se crea una sesión de inicio. Lo genera el equipo al que se tuvo acceso.\r\n\r\nLos campos de firmante indican la cuenta del sistema local que solicitó el inicio de sesión. Suele ser un servicio como el servicio de servidor o un proceso local como Winlogon.exe o Services.exe.\r\n\r\nEl campo Tipo de inicio de sesión indica la clase de inicio de sesión que se realizó. Los tipos más comunes son 2 (interactivo) y 3 (red).\r\n\r\nLos campos Nuevo inicio de sesión indican la cuenta para la que se creó el nuevo inicio de sesión, es decir, aquella en la que se inició la sesión.\r\n\r\nLos campos de red indican dónde se originó una solicitud de inicio de sesión remota. Nombre de estación de trabajo no está siempre disponible y se puede dejar en blanco en algunos casos.\r\n\r\nEl campo de nivel de suplantación indica en qué medida un proceso en la sesión de inicio de sesión puede suplantar.\r\n\r\nLos campos de información de autenticación proporcionan información detallada sobre esta solicitud de inicio de sesión específica.\r\n	- GUID de inicio de sesión es un identificador único que se puede usar para correlacionar este evento con un evento KDC.\r\n	- Servicios transitados indica los servicios intermedios que participaron en esta solicitud de inicio de sesión.\r\n	- Nombre de paquete indica el subprotocolo que se usó entre los protocolos NTLM.\r\n	- Longitud de clave indica la longitud de la clave de sesión generada. Será 0 si no se solicitó una clave de sesión."""
"Apr 26, 2025 @ 13:53:14.048","host1_windows1","60106","3","Windows Logon Success","Security","""Se inició sesión correctamente en una cuenta.\r\n\r\nFirmante:\r\n	Id. de seguridad:		S-1-5-18\r\n	Nombre de cuenta:		DESKTOP-V0J3BBT$\r\n	Dominio de cuenta:		WORKGROUP\r\n	Id. de inicio de sesión:		0x3E7\r\n\r\nInformación de inicio de sesión:\r\n	Tipo de inicio de sesión:		5\r\n	Modo de administrador restringido:	-\r\n	Credential Guard remota:	-\r\n	Cuenta virtual:		No\r\n	Token elevado:		Sí\r\n\r\nNivel de suplantación:		Suplantación\r\n\r\nNuevo inicio de sesión:\r\n	Id. de seguridad:		S-1-5-18\r\n	Nombre de cuenta:		SYSTEM\r\n	Dominio de cuenta:		NT AUTHORITY\r\n	Id. de inicio de sesión:		0x3E7\r\n	Inicio de sesión vinculado:		0x0\r\n	Nombre de cuenta de red:	-\r\n	Dominio de cuenta de red:	-\r\n	GUID de inicio de sesión:		{00000000-0000-0000-0000-000000000000}\r\n\r\nInformación de proceso:\r\n	Id. de proceso:		0x33c\r\n	Nombre de proceso:		C:\Windows\System32\services.exe\r\n\r\nInformación de red:\r\n	Nombre de estación de trabajo:	-\r\n	Dirección de red de origen:	-\r\n	Puerto de origen:		-\r\n\r\nInformación de autenticación detallada:\r\n	Proceso de inicio de sesión:		Advapi  \r\n	Paquete de autenticación:	Negotiate\r\n	Servicios transitados:	-\r\n	Nombre de paquete (solo NTLM):	-\r\n	Longitud de clave:		0\r\n\r\nEste evento se genera cuando se crea una sesión de inicio. Lo genera el equipo al que se tuvo acceso.\r\n\r\nLos campos de firmante indican la cuenta del sistema local que solicitó el inicio de sesión. Suele ser un servicio como el servicio de servidor o un proceso local como Winlogon.exe o Services.exe.\r\n\r\nEl campo Tipo de inicio de sesión indica la clase de inicio de sesión que se realizó. Los tipos más comunes son 2 (interactivo) y 3 (red).\r\n\r\nLos campos Nuevo inicio de sesión indican la cuenta para la que se creó el nuevo inicio de sesión, es decir, aquella en la que se inició la sesión.\r\n\r\nLos campos de red indican dónde se originó una solicitud de inicio de sesión remota. Nombre de estación de trabajo no está siempre disponible y se puede dejar en blanco en algunos casos.\r\n\r\nEl campo de nivel de suplantación indica en qué medida un proceso en la sesión de inicio de sesión puede suplantar.\r\n\r\nLos campos de información de autenticación proporcionan información detallada sobre esta solicitud de inicio de sesión específica.\r\n	- GUID de inicio de sesión es un identificador único que se puede usar para correlacionar este evento con un evento KDC.\r\n	- Servicios transitados indica los servicios intermedios que participaron en esta solicitud de inicio de sesión.\r\n	- Nombre de paquete indica el subprotocolo que se usó entre los protocolos NTLM.\r\n	- Longitud de clave indica la longitud de la clave de sesión generada. Será 0 si no se solicitó una clave de sesión."""
"Apr 26, 2025 @ 13:53:00.172","host1_windows1","92154","4","Process loaded taskschd.dll module. May be used to create delayed malware execution","Microsoft-Windows-Sysmon/Operational","""Image loaded:\r\nRuleName: technique_id=T1053,technique_name=Scheduled Task\r\nUtcTime: 2025-04-26 17:52:58.559\r\nProcessGuid: {26d71978-1d5c-680d-e604-000000000600}\r\nProcessId: 3600\r\nImage: C:\Windows\System32\sppsvc.exe\r\nImageLoaded: C:\Windows\System32\taskschd.dll\r\nFileVersion: 10.0.26100.1 (WinBuild.160101.0800)\r\nDescription: Task Scheduler COM API\r\nProduct: Microsoft® Windows® Operating System\r\nCompany: Microsoft Corporation\r\nOriginalFileName: taskschd.dll\r\nHashes: SHA1=03D12FA8C05451E741E9DCD1FCE2D91507128AED,MD5=60392F262DDE3734086D0E1D372ED186,SHA256=7A172A93C9DEF92F8C9683209B491C0FE835B3F1AEF257218441761120ED1C0E,IMPHASH=E61FD409CB21E6A6EBA2AFE59848CFC8\r\nSigned: true\r\nSignature: Microsoft Windows\r\nSignatureStatus: Valid\r\nUser: NT AUTHORITY\Servicio de red"""
"Apr 26, 2025 @ 13:52:59.181","host1_windows1","60642","3","Software protection service scheduled successfully.","Application","""El servicio de protección de software se programó correctamente para reiniciarse a las 2025-06-21T17:41:58Z. Motivo: RulesEngine."""
"Apr 26, 2025 @ 13:52:57.562","host1_windows1","92058","12","Application Compatibility Database launched","Microsoft-Windows-Sysmon/Operational","""Process Create:\r\nRuleName: technique_id=T1546.011,technique_name=Application Shimming\r\nUtcTime: 2025-04-26 17:52:55.938\r\nProcessGuid: {26d71978-1d77-680d-e804-000000000600}\r\nProcessId: 9400\r\nImage: C:\Windows\System32\sdbinst.exe\r\nFileVersion: 10.0.26100.1301 (WinBuild.160101.0800)\r\nDescription: Application Compatibility Database Installer\r\nProduct: Microsoft® Windows® Operating System\r\nCompany: Microsoft Corporation\r\nOriginalFileName: sdbinst.exe\r\nCommandLine: C:\WINDOWS\System32\sdbinst.exe -m -bg\r\nCurrentDirectory: C:\WINDOWS\system32\\r\nUser: NT AUTHORITY\SYSTEM\r\nLogonGuid: {26d71978-faa0-680c-e703-000000000000}\r\nLogonId: 0x3E7\r\nTerminalSessionId: 0\r\nIntegrityLevel: System\r\nHashes: SHA1=900A2835099CBB57537375D9D7B055C41E54AAAD,MD5=9B29824A91F35B25CA95613264B30AB9,SHA256=C666DCF6B410A239B6D17122424ABED819A8B8372248B469A73FC11D1E1E2762,IMPHASH=2946BAC02F0097C89E6692739186C303\r\nParentProcessGuid: {26d71978-fab6-680c-f600-000000000600}\r\nParentProcessId: 8064\r\nParentImage: C:\Windows\System32\svchost.exe\r\nParentCommandLine: C:\WINDOWS\system32\svchost.exe -k LocalSystemNetworkRestricted -p -s PcaSvc\r\nParentUser: NT AUTHORITY\SYSTEM"""
"Apr 26, 2025 @ 13:52:35.385","host1_windows1","92213","15","Executable file dropped in folder commonly used by malware","Microsoft-Windows-Sysmon/Operational","""File created:\r\nRuleName: technique_id=T1059.001,technique_name=PowerShell\r\nUtcTime: 2025-04-26 17:52:33.585\r\nProcessGuid: {26d71978-1d61-680d-e704-000000000600}\r\nProcessId: 10008\r\nImage: C:\WINDOWS\System32\WindowsPowerShell\v1.0\powershell.exe\r\nTargetFilename: C:\Users\usach\AppData\Local\Temp\__PSScriptPolicyTest_aegh0mrw.yhx.ps1\r\nCreationUtcTime: 2025-04-26 17:52:33.585\r\nUser: DESKTOP-V0J3BBT\usach"""
"Apr 26, 2025 @ 13:51:46.345","host1_windows1","92213","15","Executable file dropped in folder commonly used by malware","Microsoft-Windows-Sysmon/Operational","""File created:\r\nRuleName: technique_id=T1059.001,technique_name=PowerShell\r\nUtcTime: 2025-04-26 17:51:44.557\r\nProcessGuid: {26d71978-1d30-680d-e504-000000000600}\r\nProcessId: 8028\r\nImage: C:\WINDOWS\System32\WindowsPowerShell\v1.0\powershell.exe\r\nTargetFilename: C:\Users\usach\AppData\Local\Temp\__PSScriptPolicyTest_ehdhmtf1.pa1.ps1\r\nCreationUtcTime: 2025-04-26 17:51:44.557\r\nUser: DESKTOP-V0J3BBT\usach"""
"Apr 26, 2025 @ 13:51:09.297","host1_windows1","92213","15","Executable file dropped in folder commonly used by malware","Microsoft-Windows-Sysmon/Operational","""File created:\r\nRuleName: technique_id=T1059.001,technique_name=PowerShell\r\nUtcTime: 2025-04-26 17:51:07.536\r\nProcessGuid: {26d71978-1d0b-680d-e404-000000000600}\r\nProcessId: 8396\r\nImage: C:\WINDOWS\System32\WindowsPowerShell\v1.0\powershell.exe\r\nTargetFilename: C:\Users\usach\AppData\Local\Temp\__PSScriptPolicyTest_d2hskr2h.kvi.ps1\r\nCreationUtcTime: 2025-04-26 17:51:07.536\r\nUser: DESKTOP-V0J3BBT\usach"""
"Apr 26, 2025 @ 13:50:26.492","host1_windows1","60106","3","Windows Logon Success","Security","""Se inició sesión correctamente en una cuenta.\r\n\r\nFirmante:\r\n	Id. de seguridad:		S-1-5-18\r\n	Nombre de cuenta:		DESKTOP-V0J3BBT$\r\n	Dominio de cuenta:		WORKGROUP\r\n	Id. de inicio de sesión:		0x3E7\r\n\r\nInformación de inicio de sesión:\r\n	Tipo de inicio de sesión:		5\r\n	Modo de administrador restringido:	-\r\n	Credential Guard remota:	-\r\n	Cuenta virtual:		No\r\n	Token elevado:		Sí\r\n\r\nNivel de suplantación:		Suplantación\r\n\r\nNuevo inicio de sesión:\r\n	Id. de seguridad:		S-1-5-18\r\n	Nombre de cuenta:		SYSTEM\r\n	Dominio de cuenta:		NT AUTHORITY\r\n	Id. de inicio de sesión:		0x3E7\r\n	Inicio de sesión vinculado:		0x0\r\n	Nombre de cuenta de red:	-\r\n	Dominio de cuenta de red:	-\r\n	GUID de inicio de sesión:		{00000000-0000-0000-0000-000000000000}\r\n\r\nInformación de proceso:\r\n	Id. de proceso:		0x33c\r\n	Nombre de proceso:		C:\Windows\System32\services.exe\r\n\r\nInformación de red:\r\n	Nombre de estación de trabajo:	-\r\n	Dirección de red de origen:	-\r\n	Puerto de origen:		-\r\n\r\nInformación de autenticación detallada:\r\n	Proceso de inicio de sesión:		Advapi  \r\n	Paquete de autenticación:	Negotiate\r\n	Servicios transitados:	-\r\n	Nombre de paquete (solo NTLM):	-\r\n	Longitud de clave:		0\r\n\r\nEste evento se genera cuando se crea una sesión de inicio. Lo genera el equipo al que se tuvo acceso.\r\n\r\nLos campos de firmante indican la cuenta del sistema local que solicitó el inicio de sesión. Suele ser un servicio como el servicio de servidor o un proceso local como Winlogon.exe o Services.exe.\r\n\r\nEl campo Tipo de inicio de sesión indica la clase de inicio de sesión que se realizó. Los tipos más comunes son 2 (interactivo) y 3 (red).\r\n\r\nLos campos Nuevo inicio de sesión indican la cuenta para la que se creó el nuevo inicio de sesión, es decir, aquella en la que se inició la sesión.\r\n\r\nLos campos de red indican dónde se originó una solicitud de inicio de sesión remota. Nombre de estación de trabajo no está siempre disponible y se puede dejar en blanco en algunos casos.\r\n\r\nEl campo de nivel de suplantación indica en qué medida un proceso en la sesión de inicio de sesión puede suplantar.\r\n\r\nLos campos de información de autenticación proporcionan información detallada sobre esta solicitud de inicio de sesión específica.\r\n	- GUID de inicio de sesión es un identificador único que se puede usar para correlacionar este evento con un evento KDC.\r\n	- Servicios transitados indica los servicios intermedios que participaron en esta solicitud de inicio de sesión.\r\n	- Nombre de paquete indica el subprotocolo que se usó entre los protocolos NTLM.\r\n	- Longitud de clave indica la longitud de la clave de sesión generada. Será 0 si no se solicitó una clave de sesión."""
"Apr 26, 2025 @ 13:50:26.029","host1_windows1","92052","4","Windows command prompt started by an abnormal process","Microsoft-Windows-Sysmon/Operational","""Process Create:\r\nRuleName: technique_id=T1059.003,technique_name=Windows Command Shell\r\nUtcTime: 2025-04-26 17:50:24.409\r\nProcessGuid: {26d71978-1ce0-680d-e004-000000000600}\r\nProcessId: 9808\r\nImage: C:\Windows\System32\cmd.exe\r\nFileVersion: 10.0.26100.1591 (WinBuild.160101.0800)\r\nDescription: Windows Command Processor\r\nProduct: Microsoft® Windows® Operating System\r\nCompany: Microsoft Corporation\r\nOriginalFileName: Cmd.Exe\r\nCommandLine: cmd.exe /C python3 --version&python2 --version&python --version\r\nCurrentDirectory: C:\Users\usach\\r\nUser: DESKTOP-V0J3BBT\usach\r\nLogonGuid: {26d71978-fab0-680c-e1c4-0c0000000000}\r\nLogonId: 0xCC4E1\r\nTerminalSessionId: 1\r\nIntegrityLevel: High\r\nHashes: SHA1=6045CA4D0E30D7397A077DD8E070F2EB11DC32C0,MD5=B63148610EB6310740000DC856FE837A,SHA256=486AA8AC1661C0DC08D3EBEA4F25F0009D248F2CED111DEA8587C2B7D71B49BB,IMPHASH=05CB934E42838CA78A9F01D367E81539\r\nParentProcessGuid: {26d71978-fd2a-680c-7401-000000000600}\r\nParentProcessId: 5720\r\nParentImage: C:\Users\Public\splunkd.exe\r\nParentCommandLine: ""C:\Users\Public\splunkd.exe"" -server http://192.168.0.16:8888 -group red \r\nParentUser: DESKTOP-V0J3BBT\usach"""
"Apr 26, 2025 @ 13:49:42.206","host1_windows1","92213","15","Executable file dropped in folder commonly used by malware","Microsoft-Windows-Sysmon/Operational","""File created:\r\nRuleName: technique_id=T1059.001,technique_name=PowerShell\r\nUtcTime: 2025-04-26 17:49:40.505\r\nProcessGuid: {26d71978-1cb4-680d-df04-000000000600}\r\nProcessId: 2052\r\nImage: C:\WINDOWS\System32\WindowsPowerShell\v1.0\powershell.exe\r\nTargetFilename: C:\Users\usach\AppData\Local\Temp\__PSScriptPolicyTest_t5fkd0kg.jgb.ps1\r\nCreationUtcTime: 2025-04-26 17:49:40.505\r\nUser: DESKTOP-V0J3BBT\usach"""
"Apr 26, 2025 @ 13:48:58.199","host1_windows1","92213","15","Executable file dropped in folder commonly used by malware","Microsoft-Windows-Sysmon/Operational","""File created:\r\nRuleName: technique_id=T1059.001,technique_name=PowerShell\r\nUtcTime: 2025-04-26 17:48:56.883\r\nProcessGuid: {26d71978-1c88-680d-de04-000000000600}\r\nProcessId: 10148\r\nImage: C:\WINDOWS\System32\WindowsPowerShell\v1.0\powershell.exe\r\nTargetFilename: C:\Users\usach\AppData\Local\Temp\__PSScriptPolicyTest_rugd3m1y.q1o.ps1\r\nCreationUtcTime: 2025-04-26 17:48:56.883\r\nUser: DESKTOP-V0J3BBT\usach"""
"Apr 26, 2025 @ 13:48:39.642","host1_windows1","61109","5","Name resolution for the name wpad timed out","System","""La resolución de nombres para el nombre wpad agotó el tiempo de espera después de que ninguno de los servidores DNS configurados respondiera. PID de cliente 2516."""
"Apr 26, 2025 @ 13:48:38.430","host1_windows1","92154","4","Process loaded taskschd.dll module. May be used to create delayed malware execution","Microsoft-Windows-Sysmon/Operational","""Image loaded:\r\nRuleName: technique_id=T1053,technique_name=Scheduled Task\r\nUtcTime: 2025-04-26 17:48:36.809\r\nProcessGuid: {26d71978-1c56-680d-dd04-000000000600}\r\nProcessId: 9784\r\nImage: C:\Windows\System32\sppsvc.exe\r\nImageLoaded: C:\Windows\System32\taskschd.dll\r\nFileVersion: 10.0.26100.1 (WinBuild.160101.0800)\r\nDescription: Task Scheduler COM API\r\nProduct: Microsoft® Windows® Operating System\r\nCompany: Microsoft Corporation\r\nOriginalFileName: taskschd.dll\r\nHashes: SHA1=03D12FA8C05451E741E9DCD1FCE2D91507128AED,MD5=60392F262DDE3734086D0E1D372ED186,SHA256=7A172A93C9DEF92F8C9683209B491C0FE835B3F1AEF257218441761120ED1C0E,IMPHASH=E61FD409CB21E6A6EBA2AFE59848CFC8\r\nSigned: true\r\nSignature: Microsoft Windows\r\nSignatureStatus: Valid\r\nUser: NT AUTHORITY\Servicio de red"""
"Apr 26, 2025 @ 13:48:37.420","host1_windows1","60642","3","Software protection service scheduled successfully.","Application","""El servicio de protección de software se programó correctamente para reiniciarse a las 2025-06-21T17:42:36Z. Motivo: RulesEngine."""
"Apr 26, 2025 @ 13:48:09.596","host1_windows1","92154","4","Process loaded taskschd.dll module. May be used to create delayed malware execution","Microsoft-Windows-Sysmon/Operational","""Image loaded:\r\nRuleName: technique_id=T1053,technique_name=Scheduled Task\r\nUtcTime: 2025-04-26 17:48:07.991\r\nProcessGuid: {26d71978-1c54-680d-da04-000000000600}\r\nProcessId: 5532\r\nImage: C:\Windows\System32\taskhostw.exe\r\nImageLoaded: C:\Windows\System32\taskschd.dll\r\nFileVersion: 10.0.26100.1 (WinBuild.160101.0800)\r\nDescription: Task Scheduler COM API\r\nProduct: Microsoft® Windows® Operating System\r\nCompany: Microsoft Corporation\r\nOriginalFileName: taskschd.dll\r\nHashes: SHA1=03D12FA8C05451E741E9DCD1FCE2D91507128AED,MD5=60392F262DDE3734086D0E1D372ED186,SHA256=7A172A93C9DEF92F8C9683209B491C0FE835B3F1AEF257218441761120ED1C0E,IMPHASH=E61FD409CB21E6A6EBA2AFE59848CFC8\r\nSigned: true\r\nSignature: Microsoft Windows\r\nSignatureStatus: Valid\r\nUser: NT AUTHORITY\SYSTEM"""
"Apr 26, 2025 @ 13:48:06.191","host1_windows1","92213","15","Executable file dropped in folder commonly used by malware","Microsoft-Windows-Sysmon/Operational","""File created:\r\nRuleName: technique_id=T1059.001,technique_name=PowerShell\r\nUtcTime: 2025-04-26 17:48:04.455\r\nProcessGuid: {26d71978-1c54-680d-d904-000000000600}\r\nProcessId: 7280\r\nImage: C:\WINDOWS\System32\WindowsPowerShell\v1.0\powershell.exe\r\nTargetFilename: C:\Users\usach\AppData\Local\Temp\__PSScriptPolicyTest_s0cppba2.cam.ps1\r\nCreationUtcTime: 2025-04-26 17:48:04.455\r\nUser: DESKTOP-V0J3BBT\usach"""
"Apr 26, 2025 @ 13:48:05.994","host1_windows1","92200","6","Scripting file created under Windows Temp or User folder","Microsoft-Windows-Sysmon/Operational","""File created:\r\nRuleName: technique_id=T1059.001,technique_name=PowerShell\r\nUtcTime: 2025-04-26 17:48:04.398\r\nProcessGuid: {26d71978-fd2a-680c-7401-000000000600}\r\nProcessId: 5720\r\nImage: C:\Users\Public\splunkd.exe\r\nTargetFilename: C:\Users\usach\powerview.ps1\r\nCreationUtcTime: 2025-04-26 17:48:04.398\r\nUser: DESKTOP-V0J3BBT\usach"""
"Apr 26, 2025 @ 13:47:22.173","host1_windows1","92213","15","Executable file dropped in folder commonly used by malware","Microsoft-Windows-Sysmon/Operational","""File created:\r\nRuleName: technique_id=T1059.001,technique_name=PowerShell\r\nUtcTime: 2025-04-26 17:47:20.440\r\nProcessGuid: {26d71978-1c28-680d-d804-000000000600}\r\nProcessId: 9548\r\nImage: C:\WINDOWS\System32\WindowsPowerShell\v1.0\powershell.exe\r\nTargetFilename: C:\Users\usach\AppData\Local\Temp\__PSScriptPolicyTest_41akqtej.fem.ps1\r\nCreationUtcTime: 2025-04-26 17:47:20.438\r\nUser: DESKTOP-V0J3BBT\usach"""
"Apr 26, 2025 @ 13:47:21.995","host1_windows1","92200","6","Scripting file created under Windows Temp or User folder","Microsoft-Windows-Sysmon/Operational","""File created:\r\nRuleName: technique_id=T1059.001,technique_name=PowerShell\r\nUtcTime: 2025-04-26 17:47:20.380\r\nProcessGuid: {26d71978-fd2a-680c-7401-000000000600}\r\nProcessId: 5720\r\nImage: C:\Users\Public\splunkd.exe\r\nTargetFilename: C:\Users\usach\powerview.ps1\r\nCreationUtcTime: 2025-04-26 17:47:20.380\r\nUser: DESKTOP-V0J3BBT\usach"""